STRUCTURE,STRUCTURE_ID,STRUCTURE_NAME,ACTION,REF_AREA,Reference area,MEASURE,Measure,UNIT_MEASURE,Unit of measure,TRANSFORMATION,Transformation,ADJUSTMENT,Adjustment,SEX,Sex,AGE,Age,ACTIVITY,Economic activity,FREQ,Frequency of observation,TIME_PERIOD,Time period,OBS_VALUE,Observation value,BASE_PER,Base period,OBS_STATUS,Observation status,UNIT_MULT,Unit multiplier,DECIMALS,Decimals
DATAFLOW,OECD.SDD.TPS:DSD_LFS@DF_IALFS_INDIC(1.0),Infra-annual labour statistics,I,NOR,Norway,UNE_LF_M,Monthly unemployment rate,PT_LF_SUB,Percentage of labour force in the same subgroup,_Z,Not applicable,Y,Calendar and seasonally adjusted,_T,Total,Y_GE15,15 years or over,_Z,Not applicable,M,Monthly,2025-03,,4.4,,,,A,Normal value,0,Units,1,One
DATAFLOW,OECD.SDD.TPS:DSD_LFS@DF_IALFS_INDIC(1.0),Infra-annual labour statistics,I,CAN,Canada,UNE_LF_M,Monthly unemployment rate,PT_LF_SUB,Percentage of labour force in the same subgroup,_Z,Not applicable,Y,Calendar and seasonally adjusted,_T,Total,Y_GE15,15 years or over,_Z,Not applicable,M,Monthly,2025-03,,6.7,,,,A,Normal value,0,Units,1,One
DATAFLOW,OECD.SDD.TPS:DSD_LFS@DF_IALFS_INDIC(1.0),Infra-annual labour statistics,I,CAN,Canada,UNE_LF_M,Monthly unemployment rate,PT_LF_SUB,Percentage of labour force in the same subgroup,_Z,Not applicable,Y,Calendar and seasonally adjusted,_T,Total,Y_GE15,15 years or over,_Z,Not applicable,M,Monthly,2025-04,,6.9,,,,A,Normal value,0,Units,1,One
DATAFLOW,OECD.SDD.TPS:DSD_LFS@DF_IALFS_INDIC(1.0),Infra-annual labour statistics,I,USA,United States,UNE_LF_M,Monthly unemployment rate,PT_LF_SUB,Percentage of labour force in the same subgroup,_Z,Not applicable,Y,Calendar and seasonally adjusted,_T,Total,Y_GE15,15 years or over,_Z,Not applicable,M,Monthly,2025-03,,4.2,,,,A,Normal value,0,Units,1,One
DATAFLOW,OECD.SDD.TPS:DSD_LFS@DF_IALFS_INDIC(1.0),Infra-annual labour statistics,I,ISL,Iceland,UNE_LF_M,Monthly unemployment rate,PT_LF_SUB,Percentage of labour force in the same subgroup,_Z,Not applicable,Y,Calendar and seasonally adjusted,_T,Total,Y_GE15,15 years or over,_Z,Not applicable,M,Monthly,2025-04,,3.8,,,,A,Normal value,0,Units,1,One
DATAFLOW,OECD.SDD.TPS:DSD_LFS@DF_IALFS_INDIC(1.0),Infra-annual labour statistics,I,ISL,Iceland,UNE_LF_M,Monthly unemployment rate,PT_LF_SUB,Percentage of labour force in the same subgroup,_Z,Not applicable,Y,Calendar and seasonally adjusted,_T,Total,Y_GE15,15 years or over,_Z,Not applicable,M,Monthly,2025-03,,3.8,,,,A,Normal value,0,Units,1,One
DATAFLOW,OECD.SDD.TPS:DSD_LFS@DF_IALFS_INDIC(1.0),Infra-annual labour statistics,I,AUT,Austria,UNE_LF_M,Monthly unemployment rate,PT_LF_SUB,Percentage of labour force in the same subgroup,_Z,Not applicable,Y,Calendar and seasonally adjusted,_T,Total,Y_GE15,15 years or over,_Z,Not applicable,M,Monthly,2025-04,,5.6,,,,A,Normal value,0,Units,1,One
DATAFLOW,OECD.SDD.TPS:DSD_LFS@DF_IALFS_INDIC(1.0),Infra-annual labour statistics,I,GRC,Greece,UNE_LF_M,Monthly unemployment rate,PT_LF_SUB,Percentage of labour force in the same subgroup,_Z,Not applicable,Y,Calendar and seasonally adjusted,_T,Total,Y_GE15,15 years or over,_Z,Not applicable,M,Monthly,2025-04,,8.3,,,,A,Normal value,0,Units,1,One
DATAFLOW,OECD.SDD.TPS:DSD_LFS@DF_IALFS_INDIC(1.0),Infra-annual labour statistics,I,GRC,Greece,UNE_LF_M,Monthly unemployment rate,PT_LF_SUB,Percentage of labour force in the same subgroup,_Z,Not applicable,Y,Calendar and seasonally adjusted,_T,Total,Y_GE15,15 years or over,_Z,Not applicable,M,Monthly,2025-03,,8.9,,,,A,Normal value,0,Units,1,One
DATAFLOW,OECD.SDD.TPS:DSD_LFS@DF_IALFS_INDIC(1.0),Infra-annual labour statistics,I,NOR,Norway,UNE_LF_M,Monthly unemployment rate,PT_LF_SUB,Percentage of labour force in the same subgroup,_Z,Not applicable,Y,Calendar and seasonally adjusted,_T,Total,Y_GE15,15 years or over,_Z,Not applicable,M,Monthly,2025-04,,4.3,,,,A,Normal value,0,Units,1,One
DATAFLOW,OECD.SDD.TPS:DSD_LFS@DF_IALFS_INDIC(1.0),Infra-annual labour statistics,I,OECD,OECD,UNE_LF_M,Monthly unemployment rate,PT_LF_SUB,Percentage of labour force in the same subgroup,_Z,Not applicable,Y,Calendar and seasonally adjusted,_T,Total,Y_GE15,15 years or over,_Z,Not applicable,M,Monthly,2025-04,,4.904508,,,,E,Estimated value,0,Units,1,One
DATAFLOW,OECD.SDD.TPS:DSD_LFS@DF_IALFS_INDIC(1.0),Infra-annual labour statistics,I,G7,G7,UNE_LF_M,Monthly unemployment rate,PT_LF_SUB,Percentage of labour force in the same subgroup,_Z,Not applicable,Y,Calendar and seasonally adjusted,_T,Total,Y_GE15,15 years or over,_Z,Not applicable,M,Monthly,2025-04,,4.359019,,,,E,Estimated value,0,Units,1,One
DATAFLOW,OECD.SDD.TPS:DSD_LFS@DF_IALFS_INDIC(1.0),Infra-annual labour statistics,I,CAN,Canada,UNE_LF_M,Monthly unemployment rate,PT_LF_SUB,Percentage of labour force in the same subgroup,_Z,Not applicable,Y,Calendar and seasonally adjusted,_T,Total,Y_GE15,15 years or over,_Z,Not applicable,M,Monthly,2025-05,,7,,,,A,Normal value,0,Units,1,One
DATAFLOW,OECD.SDD.TPS:DSD_LFS@DF_IALFS_INDIC(1.0),Infra-annual labour statistics,I,USA,United States,UNE_LF_M,Monthly unemployment rate,PT_LF_SUB,Percentage of labour force in the same subgroup,_Z,Not applicable,Y,Calendar and seasonally adjusted,_T,Total,Y_GE15,15 years or over,_Z,Not applicable,M,Monthly,2025-05,,4.2,,,,A,Normal value,0,Units,1,One
DATAFLOW,OECD.SDD.TPS:DSD_LFS@DF_IALFS_INDIC(1.0),Infra-annual labour statistics,I,DEU,Germany,UNE_LF_M,Monthly unemployment rate,PT_LF_SUB,Percentage of labour force in the same subgroup,_Z,Not applicable,Y,Calendar and seasonally adjusted,_T,Total,Y_GE15,15 years or over,_Z,Not applicable,M,Monthly,2025-04,,3.6,,,,A,Normal value,0,Units,1,One
DATAFLOW,OECD.SDD.TPS:DSD_LFS@DF_IALFS_INDIC(1.0),Infra-annual labour statistics,I,DEU,Germany,UNE_LF_M,Monthly unemployment rate,PT_LF_SUB,Percentage of labour force in the same subgroup,_Z,Not applicable,Y,Calendar and seasonally adjusted,_T,Total,Y_GE15,15 years or over,_Z,Not applicable,M,Monthly,2025-03,,3.6,,,,A,Normal value,0,Units,1,One
DATAFLOW,OECD.SDD.TPS:DSD_LFS@DF_IALFS_INDIC(1.0),Infra-annual labour statistics,I,LVA,Latvia,UNE_LF_M,Monthly unemployment rate,PT_LF_SUB,Percentage of labour force in the same subgroup,_Z,Not applicable,Y,Calendar and seasonally adjusted,_T,Total,Y_GE15,15 years or over,_Z,Not applicable,M,Monthly,2025-04,,7.7,,,,A,Normal value,0,Units,1,One
DATAFLOW,OECD.SDD.TPS:DSD_LFS@DF_IALFS_INDIC(1.0),Infra-annual labour statistics,I,LVA,Latvia,UNE_LF_M,Monthly unemployment rate,PT_LF_SUB,Percentage of labour force in the same subgroup,_Z,Not applicable,Y,Calendar and seasonally adjusted,_T,Total,Y_GE15,15 years or over,_Z,Not applicable,M,Monthly,2025-03,,7.8,,,,A,Normal value,0,Units,1,One
DATAFLOW,OECD.SDD.TPS:DSD_LFS@DF_IALFS_INDIC(1.0),Infra-annual labour statistics,I,SVN,Slovenia,UNE_LF_M,Monthly unemployment rate,PT_LF_SUB,Percentage of labour force in the same subgroup,_Z,Not applicable,Y,Calendar and seasonally adjusted,_T,Total,Y_GE15,15 years or over,_Z,Not applicable,M,Monthly,2025-04,,4,,,,A,Normal value,0,Units,1,One
DATAFLOW,OECD.SDD.TPS:DSD_LFS@DF_IALFS_INDIC(1.0),Infra-annual labour statistics,I,SVN,Slovenia,UNE_LF_M,Monthly unemployment rate,PT_LF_SUB,Percentage of labour force in the same subgroup,_Z,Not applicable,Y,Calendar and seasonally adjusted,_T,Total,Y_GE15,15 years or over,_Z,Not applicable,M,Monthly,2025-03,,4,,,,A,Normal value,0,Units,1,One
DATAFLOW,OECD.SDD.TPS:DSD_LFS@DF_IALFS_INDIC(1.0),Infra-annual labour statistics,I,PRT,Portugal,UNE_LF_M,Monthly unemployment rate,PT_LF_SUB,Percentage of labour force in the same subgroup,_Z,Not applicable,Y,Calendar and seasonally adjusted,_T,Total,Y_GE15,15 years or over,_Z,Not applicable,M,Monthly,2025-03,,6.4,,,,A,Normal value,0,Units,1,One
DATAFLOW,OECD.SDD.TPS:DSD_LFS@DF_IALFS_INDIC(1.0),Infra-annual labour statistics,I,ESP,Spain,UNE_LF_M,Monthly unemployment rate,PT_LF_SUB,Percentage of labour force in the same subgroup,_Z,Not applicable,Y,Calendar and seasonally adjusted,_T,Total,Y_GE15,15 years or over,_Z,Not applicable,M,Monthly,2025-04,,10.9,,,,A,Normal value,0,Units,1,One
DATAFLOW,OECD.SDD.TPS:DSD_LFS@DF_IALFS_INDIC(1.0),Infra-annual labour statistics,I,LTU,Lithuania,UNE_LF_M,Monthly unemployment rate,PT_LF_SUB,Percentage of labour force in the same subgroup,_Z,Not applicable,Y,Calendar and seasonally adjusted,_T,Total,Y_GE15,15 years or over,_Z,Not applicable,M,Monthly,2025-04,,6.3,,,,A,Normal value,0,Units,1,One
DATAFLOW,OECD.SDD.TPS:DSD_LFS@DF_IALFS_INDIC(1.0),Infra-annual labour statistics,I,ITA,Italy,UNE_LF_M,Monthly unemployment rate,PT_LF_SUB,Percentage of labour force in the same subgroup,_Z,Not applicable,Y,Calendar and seasonally adjusted,_T,Total,Y_GE15,15 years or over,_Z,Not applicable,M,Monthly,2025-04,,5.9,,,,A,Normal value,0,Units,1,One
DATAFLOW,OECD.SDD.TPS:DSD_LFS@DF_IALFS_INDIC(1.0),Infra-annual labour statistics,I,FIN,Finland,UNE_LF_M,Monthly unemployment rate,PT_LF_SUB,Percentage of labour force in the same subgroup,_Z,Not applicable,Y,Calendar and seasonally adjusted,_T,Total,Y_GE15,15 years or over,_Z,Not applicable,M,Monthly,2025-04,,9.1,,,,A,Normal value,0,Units,1,One
DATAFLOW,OECD.SDD.TPS:DSD_LFS@DF_IALFS_INDIC(1.0),Infra-annual labour statistics,I,DNK,Denmark,UNE_LF_M,Monthly unemployment rate,PT_LF_SUB,Percentage of labour force in the same subgroup,_Z,Not applicable,Y,Calendar and seasonally adjusted,_T,Total,Y_GE15,15 years or over,_Z,Not applicable,M,Monthly,2025-04,,6.9,,,,A,Normal value,0,Units,1,One
DATAFLOW,OECD.SDD.TPS:DSD_LFS@DF_IALFS_INDIC(1.0),Infra-annual labour statistics,I,ROU,Romania,UNE_LF_M,Monthly unemployment rate,PT_LF_SUB,Percentage of labour force in the same subgroup,_Z,Not applicable,Y,Calendar and seasonally adjusted,_T,Total,Y_GE15,15 years or over,_Z,Not applicable,M,Monthly,2025-03,,6,,,,A,Normal value,0,Units,1,One
DATAFLOW,OECD.SDD.TPS:DSD_LFS@DF_IALFS_INDIC(1.0),Infra-annual labour statistics,I,LTU,Lithuania,UNE_LF_M,Monthly unemployment rate,PT_LF_SUB,Percentage of labour force in the same subgroup,_Z,Not applicable,Y,Calendar and seasonally adjusted,_T,Total,Y_GE15,15 years or over,_Z,Not applicable,M,Monthly,2025-03,,6.3,,,,A,Normal value,0,Units,1,One
DATAFLOW,OECD.SDD.TPS:DSD_LFS@DF_IALFS_INDIC(1.0),Infra-annual labour statistics,I,ITA,Italy,UNE_LF_M,Monthly unemployment rate,PT_LF_SUB,Percentage of labour force in the same subgroup,_Z,Not applicable,Y,Calendar and seasonally adjusted,_T,Total,Y_GE15,15 years or over,_Z,Not applicable,M,Monthly,2025-03,,6.1,,,,A,Normal value,0,Units,1,One
DATAFLOW,OECD.SDD.TPS:DSD_LFS@DF_IALFS_INDIC(1.0),Infra-annual labour statistics,I,FIN,Finland,UNE_LF_M,Monthly unemployment rate,PT_LF_SUB,Percentage of labour force in the same subgroup,_Z,Not applicable,Y,Calendar and seasonally adjusted,_T,Total,Y_GE15,15 years or over,_Z,Not applicable,M,Monthly,2025-03,,9.4,,,,A,Normal value,0,Units,1,One
DATAFLOW,OECD.SDD.TPS:DSD_LFS@DF_IALFS_INDIC(1.0),Infra-annual labour statistics,I,DNK,Denmark,UNE_LF_M,Monthly unemployment rate,PT_LF_SUB,Percentage of labour force in the same subgroup,_Z,Not applicable,Y,Calendar and seasonally adjusted,_T,Total,Y_GE15,15 years or over,_Z,Not applicable,M,Monthly,2025-03,,6.9,,,,A,Normal value,0,Units,1,One
DATAFLOW,OECD.SDD.TPS:DSD_LFS@DF_IALFS_INDIC(1.0),Infra-annual labour statistics,I,LUX,Luxembourg,UNE_LF_M,Monthly unemployment rate,PT_LF_SUB,Percentage of labour force in the same subgroup,_Z,Not applicable,Y,Calendar and seasonally adjusted,_T,Total,Y_GE15,15 years or over,_Z,Not applicable,M,Monthly,2025-04,,6.6,,,,A,Normal value,0,Units,1,One
DATAFLOW,OECD.SDD.TPS:DSD_LFS@DF_IALFS_INDIC(1.0),Infra-annual labour statistics,I,LUX,Luxembourg,UNE_LF_M,Monthly unemployment rate,PT_LF_SUB,Percentage of labour force in the same subgroup,_Z,Not applicable,Y,Calendar and seasonally adjusted,_T,Total,Y_GE15,15 years or over,_Z,Not applicable,M,Monthly,2025-03,,6.6,,,,A,Normal value,0,Units,1,One
DATAFLOW,OECD.SDD.TPS:DSD_LFS@DF_IALFS_INDIC(1.0),Infra-annual labour statistics,I,EST,Estonia,UNE_LF_M,Monthly unemployment rate,PT_LF_SUB,Percentage of labour force in the same subgroup,_Z,Not applicable,Y,Calendar and seasonally adjusted,_T,Total,Y_GE15,15 years or over,_Z,Not applicable,M,Monthly,2025-04,,8.3,,,,A,Normal value,0,Units,1,One
DATAFLOW,OECD.SDD.TPS:DSD_LFS@DF_IALFS_INDIC(1.0),Infra-annual labour statistics,I,EST,Estonia,UNE_LF_M,Monthly unemployment rate,PT_LF_SUB,Percentage of labour force in the same subgroup,_Z,Not applicable,Y,Calendar and seasonally adjusted,_T,Total,Y_GE15,15 years or over,_Z,Not applicable,M,Monthly,2025-03,,8.2,,,,A,Normal value,0,Units,1,One
DATAFLOW,OECD.SDD.TPS:DSD_LFS@DF_IALFS_INDIC(1.0),Infra-annual labour statistics,I,MEX,Mexico,UNE_LF_M,Monthly unemployment rate,PT_LF_SUB,Percentage of labour force in the same subgroup,_Z,Not applicable,Y,Calendar and seasonally adjusted,_T,Total,Y_GE15,15 years or over,_Z,Not applicable,M,Monthly,2025-04,,2.631797,,,,A,Normal value,0,Units,1,One
DATAFLOW,OECD.SDD.TPS:DSD_LFS@DF_IALFS_INDIC(1.0),Infra-annual labour statistics,I,MEX,Mexico,UNE_LF_M,Monthly unemployment rate,PT_LF_SUB,Percentage of labour force in the same subgroup,_Z,Not applicable,Y,Calendar and seasonally adjusted,_T,Total,Y_GE15,15 years or over,_Z,Not applicable,M,Monthly,2025-03,,2.548091,,,,A,Normal value,0,Units,1,One
DATAFLOW,OECD.SDD.TPS:DSD_LFS@DF_IALFS_INDIC(1.0),Infra-annual labour statistics,I,GBR,United Kingdom,UNE_LF_M,Monthly unemployment rate,PT_LF_SUB,Percentage of labour force in the same subgroup,_Z,Not applicable,Y,Calendar and seasonally adjusted,_T,Total,Y_GE15,15 years or over,_Z,Not applicable,M,Monthly,2025-03,,4.6,,,,A,Normal value,0,Units,1,One
DATAFLOW,OECD.SDD.TPS:DSD_LFS@DF_IALFS_INDIC(1.0),Infra-annual labour statistics,I,ESP,Spain,UNE_LF_M,Monthly unemployment rate,PT_LF_SUB,Percentage of labour force in the same subgroup,_Z,Not applicable,Y,Calendar and seasonally adjusted,_T,Total,Y_GE15,15 years or over,_Z,Not applicable,M,Monthly,2025-03,,10.9,,,,A,Normal value,0,Units,1,One
DATAFLOW,OECD.SDD.TPS:DSD_LFS@DF_IALFS_INDIC(1.0),Infra-annual labour statistics,I,TUR,Türkiye,UNE_LF_M,Monthly unemployment rate,PT_LF_SUB,Percentage of labour force in the same subgroup,_Z,Not applicable,Y,Calendar and seasonally adjusted,_T,Total,Y_GE15,15 years or over,_Z,Not applicable,M,Monthly,2025-04,,8.6,,,,A,Normal value,0,Units,1,One
DATAFLOW,OECD.SDD.TPS:DSD_LFS@DF_IALFS_INDIC(1.0),Infra-annual labour statistics,I,TUR,Türkiye,UNE_LF_M,Monthly unemployment rate,PT_LF_SUB,Percentage of labour force in the same subgroup,_Z,Not applicable,Y,Calendar and seasonally adjusted,_T,Total,Y_GE15,15 years or over,_Z,Not applicable,M,Monthly,2025-03,,8,,,,A,Normal value,0,Units,1,One
DATAFLOW,OECD.SDD.TPS:DSD_LFS@DF_IALFS_INDIC(1.0),Infra-annual labour statistics,I,COL,Colombia,UNE_LF_M,Monthly unemployment rate,PT_LF_SUB,Percentage of labour force in the same subgroup,_Z,Not applicable,Y,Calendar and seasonally adjusted,_T,Total,Y_GE15,15 years or over,_Z,Not applicable,M,Monthly,2025-04,,8.601808,,,,A,Normal value,0,Units,1,One
DATAFLOW,OECD.SDD.TPS:DSD_LFS@DF_IALFS_INDIC(1.0),Infra-annual labour statistics,I,COL,Colombia,UNE_LF_M,Monthly unemployment rate,PT_LF_SUB,Percentage of labour force in the same subgroup,_Z,Not applicable,Y,Calendar and seasonally adjusted,_T,Total,Y_GE15,15 years or over,_Z,Not applicable,M,Monthly,2025-03,,9.544078,,,,A,Normal value,0,Units,1,One
DATAFLOW,OECD.SDD.TPS:DSD_LFS@DF_IALFS_INDIC(1.0),Infra-annual labour statistics,I,AUS,Australia,UNE_LF_M,Monthly unemployment rate,PT_LF_SUB,Percentage of labour force in the same subgroup,_Z,Not applicable,Y,Calendar and seasonally adjusted,_T,Total,Y_GE15,15 years or over,_Z,Not applicable,M,Monthly,2025-04,,4.068921,,,,A,Normal value,0,Units,1,One
DATAFLOW,OECD.SDD.TPS:DSD_LFS@DF_IALFS_INDIC(1.0),Infra-annual labour statistics,I,AUS,Australia,UNE_LF_M,Monthly unemployment rate,PT_LF_SUB,Percentage of labour force in the same subgroup,_Z,Not applicable,Y,Calendar and seasonally adjusted,_T,Total,Y_GE15,15 years or over,_Z,Not applicable,M,Monthly,2025-03,,4.052669,,,,A,Normal value,0,Units,1,One
DATAFLOW,OECD.SDD.TPS:DSD_LFS@DF_IALFS_INDIC(1.0),Infra-annual labour statistics,I,KOR,Korea,UNE_LF_M,Monthly unemployment rate,PT_LF_SUB,Percentage of labour force in the same subgroup,_Z,Not applicable,Y,Calendar and seasonally adjusted,_T,Total,Y_GE15,15 years or over,_Z,Not applicable,M,Monthly,2025-04,,2.7,,,,A,Normal value,0,Units,1,One
DATAFLOW,OECD.SDD.TPS:DSD_LFS@DF_IALFS_INDIC(1.0),Infra-annual labour statistics,I,KOR,Korea,UNE_LF_M,Monthly unemployment rate,PT_LF_SUB,Percentage of labour force in the same subgroup,_Z,Not applicable,Y,Calendar and seasonally adjusted,_T,Total,Y_GE15,15 years or over,_Z,Not applicable,M,Monthly,2025-03,,2.9,,,,A,Normal value,0,Units,1,One
DATAFLOW,OECD.SDD.TPS:DSD_LFS@DF_IALFS_INDIC(1.0),Infra-annual labour statistics,I,CZE,Czechia,UNE_LF_M,Monthly unemployment rate,PT_LF_SUB,Percentage of labour force in the same subgroup,_Z,Not applicable,Y,Calendar and seasonally adjusted,_T,Total,Y_GE15,15 years or over,_Z,Not applicable,M,Monthly,2025-03,,2.6,,,,A,Normal value,0,Units,1,One
DATAFLOW,OECD.SDD.TPS:DSD_LFS@DF_IALFS_INDIC(1.0),Infra-annual labour statistics,I,CZE,Czechia,UNE_LF_M,Monthly unemployment rate,PT_LF_SUB,Percentage of labour force in the same subgroup,_Z,Not applicable,Y,Calendar and seasonally adjusted,_T,Total,Y_GE15,15 years or over,_Z,Not applicable,M,Monthly,2025-04,,2.7,,,,A,Normal value,0,Units,1,One
DATAFLOW,OECD.SDD.TPS:DSD_LFS@DF_IALFS_INDIC(1.0),Infra-annual labour statistics,I,CRI,Costa Rica,UNE_LF_M,Monthly unemployment rate,PT_LF_SUB,Percentage of labour force in the same subgroup,_Z,Not applicable,Y,Calendar and seasonally adjusted,_T,Total,Y_GE15,15 years or over,_Z,Not applicable,M,Monthly,2025-03,,7.251647,,,,A,Normal value,0,Units,1,One
DATAFLOW,OECD.SDD.TPS:DSD_LFS@DF_IALFS_INDIC(1.0),Infra-annual labour statistics,I,AUT,Austria,UNE_LF_M,Monthly unemployment rate,PT_LF_SUB,Percentage of labour force in the same subgroup,_Z,Not applicable,Y,Calendar and seasonally adjusted,_T,Total,Y_GE15,15 years or over,_Z,Not applicable,M,Monthly,2025-03,,5.4,,,,A,Normal value,0,Units,1,One
DATAFLOW,OECD.SDD.TPS:DSD_LFS@DF_IALFS_INDIC(1.0),Infra-annual labour statistics,I,BEL,Belgium,UNE_LF_M,Monthly unemployment rate,PT_LF_SUB,Percentage of labour force in the same subgroup,_Z,Not applicable,Y,Calendar and seasonally adjusted,_T,Total,Y_GE15,15 years or over,_Z,Not applicable,M,Monthly,2025-04,,6.4,,,,A,Normal value,0,Units,1,One
DATAFLOW,OECD.SDD.TPS:DSD_LFS@DF_IALFS_INDIC(1.0),Infra-annual labour statistics,I,BEL,Belgium,UNE_LF_M,Monthly unemployment rate,PT_LF_SUB,Percentage of labour force in the same subgroup,_Z,Not applicable,Y,Calendar and seasonally adjusted,_T,Total,Y_GE15,15 years or over,_Z,Not applicable,M,Monthly,2025-03,,6.3,,,,A,Normal value,0,Units,1,One
DATAFLOW,OECD.SDD.TPS:DSD_LFS@DF_IALFS_INDIC(1.0),Infra-annual labour statistics,I,ISR,Israel,UNE_LF_M,Monthly unemployment rate,PT_LF_SUB,Percentage of labour force in the same subgroup,_Z,Not applicable,Y,Calendar and seasonally adjusted,_T,Total,Y_GE15,15 years or over,_Z,Not applicable,M,Monthly,2025-04,,2.983125,,,,A,Normal value,0,Units,1,One
DATAFLOW,OECD.SDD.TPS:DSD_LFS@DF_IALFS_INDIC(1.0),Infra-annual labour statistics,I,ISR,Israel,UNE_LF_M,Monthly unemployment rate,PT_LF_SUB,Percentage of labour force in the same subgroup,_Z,Not applicable,Y,Calendar and seasonally adjusted,_T,Total,Y_GE15,15 years or over,_Z,Not applicable,M,Monthly,2025-03,,2.893155,,,,A,Normal value,0,Units,1,One
DATAFLOW,OECD.SDD.TPS:DSD_LFS@DF_IALFS_INDIC(1.0),Infra-annual labour statistics,I,POL,Poland,UNE_LF_M,Monthly unemployment rate,PT_LF_SUB,Percentage of labour force in the same subgroup,_Z,Not applicable,Y,Calendar and seasonally adjusted,_T,Total,Y_GE15,15 years or over,_Z,Not applicable,M,Monthly,2025-04,,3.3,,,,A,Normal value,0,Units,1,One
DATAFLOW,OECD.SDD.TPS:DSD_LFS@DF_IALFS_INDIC(1.0),Infra-annual labour statistics,I,POL,Poland,UNE_LF_M,Monthly unemployment rate,PT_LF_SUB,Percentage of labour force in the same subgroup,_Z,Not applicable,Y,Calendar and seasonally adjusted,_T,Total,Y_GE15,15 years or over,_Z,Not applicable,M,Monthly,2025-03,,3.2,,,,A,Normal value,0,Units,1,One
DATAFLOW,OECD.SDD.TPS:DSD_LFS@DF_IALFS_INDIC(1.0),Infra-annual labour statistics,I,USA,United States,UNE_LF_M,Monthly unemployment rate,PT_LF_SUB,Percentage of labour force in the same subgroup,_Z,Not applicable,Y,Calendar and seasonally adjusted,_T,Total,Y_GE15,15 years or over,_Z,Not applicable,M,Monthly,2025-04,,4.2,,,,A,Normal value,0,Units,1,One
DATAFLOW,OECD.SDD.TPS:DSD_LFS@DF_IALFS_INDIC(1.0),Infra-annual labour statistics,I,HUN,Hungary,UNE_LF_M,Monthly unemployment rate,PT_LF_SUB,Percentage of labour force in the same subgroup,_Z,Not applicable,Y,Calendar and seasonally adjusted,_T,Total,Y_GE15,15 years or over,_Z,Not applicable,M,Monthly,2025-03,,4.2,,,,A,Normal value,0,Units,1,One
DATAFLOW,OECD.SDD.TPS:DSD_LFS@DF_IALFS_INDIC(1.0),Infra-annual labour statistics,I,JPN,Japan,UNE_LF_M,Monthly unemployment rate,PT_LF_SUB,Percentage of labour force in the same subgroup,_Z,Not applicable,Y,Calendar and seasonally adjusted,_T,Total,Y_GE15,15 years or over,_Z,Not applicable,M,Monthly,2025-04,,2.5,,,,A,Normal value,0,Units,1,One
DATAFLOW,OECD.SDD.TPS:DSD_LFS@DF_IALFS_INDIC(1.0),Infra-annual labour statistics,I,OECD,OECD,UNE_LF_M,Monthly unemployment rate,PT_LF_SUB,Percentage of labour force in the same subgroup,_Z,Not applicable,Y,Calendar and seasonally adjusted,_T,Total,Y_GE15,15 years or over,_Z,Not applicable,M,Monthly,2025-03,,4.912711,,,,E,Estimated value,0,Units,1,One
DATAFLOW,OECD.SDD.TPS:DSD_LFS@DF_IALFS_INDIC(1.0),Infra-annual labour statistics,I,SWE,Sweden,UNE_LF_M,Monthly unemployment rate,PT_LF_SUB,Percentage of labour force in the same subgroup,_Z,Not applicable,Y,Calendar and seasonally adjusted,_T,Total,Y_GE15,15 years or over,_Z,Not applicable,M,Monthly,2025-03,,8.1,,,,A,Normal value,0,Units,1,One
DATAFLOW,OECD.SDD.TPS:DSD_LFS@DF_IALFS_INDIC(1.0),Infra-annual labour statistics,I,NLD,Netherlands,UNE_LF_M,Monthly unemployment rate,PT_LF_SUB,Percentage of labour force in the same subgroup,_Z,Not applicable,Y,Calendar and seasonally adjusted,_T,Total,Y_GE15,15 years or over,_Z,Not applicable,M,Monthly,2025-03,,3.9,,,,A,Normal value,0,Units,1,One
DATAFLOW,OECD.SDD.TPS:DSD_LFS@DF_IALFS_INDIC(1.0),Infra-annual labour statistics,I,JPN,Japan,UNE_LF_M,Monthly unemployment rate,PT_LF_SUB,Percentage of labour force in the same subgroup,_Z,Not applicable,Y,Calendar and seasonally adjusted,_T,Total,Y_GE15,15 years or over,_Z,Not applicable,M,Monthly,2025-03,,2.5,,,,A,Normal value,0,Units,1,One
DATAFLOW,OECD.SDD.TPS:DSD_LFS@DF_IALFS_INDIC(1.0),Infra-annual labour statistics,I,G7,G7,UNE_LF_M,Monthly unemployment rate,PT_LF_SUB,Percentage of labour force in the same subgroup,_Z,Not applicable,Y,Calendar and seasonally adjusted,_T,Total,Y_GE15,15 years or over,_Z,Not applicable,M,Monthly,2025-03,,4.363652,,,,A,Normal value,0,Units,1,One
DATAFLOW,OECD.SDD.TPS:DSD_LFS@DF_IALFS_INDIC(1.0),Infra-annual labour statistics,I,EA20,Euro area (20 countries),UNE_LF_M,Monthly unemployment rate,PT_LF_SUB,Percentage of labour force in the same subgroup,_Z,Not applicable,Y,Calendar and seasonally adjusted,_T,Total,Y_GE15,15 years or over,_Z,Not applicable,M,Monthly,2025-04,,6.2,,,,A,Normal value,0,Units,1,One
DATAFLOW,OECD.SDD.TPS:DSD_LFS@DF_IALFS_INDIC(1.0),Infra-annual labour statistics,I,EA20,Euro area (20 countries),UNE_LF_M,Monthly unemployment rate,PT_LF_SUB,Percentage of labour force in the same subgroup,_Z,Not applicable,Y,Calendar and seasonally adjusted,_T,Total,Y_GE15,15 years or over,_Z,Not applicable,M,Monthly,2025-03,,6.3,,,,A,Normal value,0,Units,1,One
DATAFLOW,OECD.SDD.TPS:DSD_LFS@DF_IALFS_INDIC(1.0),Infra-annual labour statistics,I,EU27_2020,European Union (27 countries from 01/02/2020),UNE_LF_M,Monthly unemployment rate,PT_LF_SUB,Percentage of labour force in the same subgroup,_Z,Not applicable,Y,Calendar and seasonally adjusted,_T,Total,Y_GE15,15 years or over,_Z,Not applicable,M,Monthly,2025-04,,5.9,,,,A,Normal value,0,Units,1,One
DATAFLOW,OECD.SDD.TPS:DSD_LFS@DF_IALFS_INDIC(1.0),Infra-annual labour statistics,I,EU27_2020,European Union (27 countries from 01/02/2020),UNE_LF_M,Monthly unemployment rate,PT_LF_SUB,Percentage of labour force in the same subgroup,_Z,Not applicable,Y,Calendar and seasonally adjusted,_T,Total,Y_GE15,15 years or over,_Z,Not applicable,M,Monthly,2025-03,,5.9,,,,A,Normal value,0,Units,1,One
DATAFLOW,OECD.SDD.TPS:DSD_LFS@DF_IALFS_INDIC(1.0),Infra-annual labour statistics,I,IRL,Ireland,UNE_LF_M,Monthly unemployment rate,PT_LF_SUB,Percentage of labour force in the same subgroup,_Z,Not applicable,Y,Calendar and seasonally adjusted,_T,Total,Y_GE15,15 years or over,_Z,Not applicable,M,Monthly,2025-04,,4.1,,,,A,Normal value,0,Units,1,One
DATAFLOW,OECD.SDD.TPS:DSD_LFS@DF_IALFS_INDIC(1.0),Infra-annual labour statistics,I,IRL,Ireland,UNE_LF_M,Monthly unemployment rate,PT_LF_SUB,Percentage of labour force in the same subgroup,_Z,Not applicable,Y,Calendar and seasonally adjusted,_T,Total,Y_GE15,15 years or over,_Z,Not applicable,M,Monthly,2025-03,,4.4,,,,A,Normal value,0,Units,1,One
DATAFLOW,OECD.SDD.TPS:DSD_LFS@DF_IALFS_INDIC(1.0),Infra-annual labour statistics,I,SWE,Sweden,UNE_LF_M,Monthly unemployment rate,PT_LF_SUB,Percentage of labour force in the same subgroup,_Z,Not applicable,Y,Calendar and seasonally adjusted,_T,Total,Y_GE15,15 years or over,_Z,Not applicable,M,Monthly,2025-04,,8.5,,,,A,Normal value,0,Units,1,One
DATAFLOW,OECD.SDD.TPS:DSD_LFS@DF_IALFS_INDIC(1.0),Infra-annual labour statistics,I,NLD,Netherlands,UNE_LF_M,Monthly unemployment rate,PT_LF_SUB,Percentage of labour force in the same subgroup,_Z,Not applicable,Y,Calendar and seasonally adjusted,_T,Total,Y_GE15,15 years or over,_Z,Not applicable,M,Monthly,2025-04,,3.8,,,,A,Normal value,0,Units,1,One
DATAFLOW,OECD.SDD.TPS:DSD_LFS@DF_IALFS_INDIC(1.0),Infra-annual labour statistics,I,FRA,France,UNE_LF_M,Monthly unemployment rate,PT_LF_SUB,Percentage of labour force in the same subgroup,_Z,Not applicable,Y,Calendar and seasonally adjusted,_T,Total,Y_GE15,15 years or over,_Z,Not applicable,M,Monthly,2025-04,,7.1,,,,A,Normal value,0,Units,1,One
DATAFLOW,OECD.SDD.TPS:DSD_LFS@DF_IALFS_INDIC(1.0),Infra-annual labour statistics,I,FRA,France,UNE_LF_M,Monthly unemployment rate,PT_LF_SUB,Percentage of labour force in the same subgroup,_Z,Not applicable,Y,Calendar and seasonally adjusted,_T,Total,Y_GE15,15 years or over,_Z,Not applicable,M,Monthly,2025-03,,7.4,,,,A,Normal value,0,Units,1,One
DATAFLOW,OECD.SDD.TPS:DSD_LFS@DF_IALFS_INDIC(1.0),Infra-annual labour statistics,I,SVK,Slovak Republic,UNE_LF_M,Monthly unemployment rate,PT_LF_SUB,Percentage of labour force in the same subgroup,_Z,Not applicable,Y,Calendar and seasonally adjusted,_T,Total,Y_GE15,15 years or over,_Z,Not applicable,M,Monthly,2025-04,,5.3,,,,A,Normal value,0,Units,1,One
DATAFLOW,OECD.SDD.TPS:DSD_LFS@DF_IALFS_INDIC(1.0),Infra-annual labour statistics,I,SVK,Slovak Republic,UNE_LF_M,Monthly unemployment rate,PT_LF_SUB,Percentage of labour force in the same subgroup,_Z,Not applicable,Y,Calendar and seasonally adjusted,_T,Total,Y_GE15,15 years or over,_Z,Not applicable,M,Monthly,2025-03,,5.3,,,,A,Normal value,0,Units,1,One
DATAFLOW,OECD.SDD.TPS:DSD_LFS@DF_IALFS_INDIC(1.0),Infra-annual labour statistics,I,BGR,Bulgaria,UNE_LF_M,Monthly unemployment rate,PT_LF_SUB,Percentage of labour force in the same subgroup,_Z,Not applicable,Y,Calendar and seasonally adjusted,_T,Total,Y_GE15,15 years or over,_Z,Not applicable,M,Monthly,2025-04,,3.3,,,,A,Normal value,0,Units,1,One
DATAFLOW,OECD.SDD.TPS:DSD_LFS@DF_IALFS_INDIC(1.0),Infra-annual labour statistics,I,BGR,Bulgaria,UNE_LF_M,Monthly unemployment rate,PT_LF_SUB,Percentage of labour force in the same subgroup,_Z,Not applicable,Y,Calendar and seasonally adjusted,_T,Total,Y_GE15,15 years or over,_Z,Not applicable,M,Monthly,2025-03,,3.4,,,,A,Normal value,0,Units,1,One
DATAFLOW,OECD.SDD.TPS:DSD_LFS@DF_IALFS_INDIC(1.0),Infra-annual labour statistics,I,HRV,Croatia,UNE_LF_M,Monthly unemployment rate,PT_LF_SUB,Percentage of labour force in the same subgroup,_Z,Not applicable,Y,Calendar and seasonally adjusted,_T,Total,Y_GE15,15 years or over,_Z,Not applicable,M,Monthly,2025-04,,4.5,,,,A,Normal value,0,Units,1,One
DATAFLOW,OECD.SDD.TPS:DSD_LFS@DF_IALFS_INDIC(1.0),Infra-annual labour statistics,I,HRV,Croatia,UNE_LF_M,Monthly unemployment rate,PT_LF_SUB,Percentage of labour force in the same subgroup,_Z,Not applicable,Y,Calendar and seasonally adjusted,_T,Total,Y_GE15,15 years or over,_Z,Not applicable,M,Monthly,2025-03,,4.6,,,,A,Normal value,0,Units,1,One
DATAFLOW,OECD.SDD.TPS:DSD_LFS@DF_IALFS_INDIC(1.0),Infra-annual labour statistics,I,HUN,Hungary,UNE_LF_M,Monthly unemployment rate,PT_LF_SUB,Percentage of labour force in the same subgroup,_Z,Not applicable,Y,Calendar and seasonally adjusted,_T,Total,Y_GE15,15 years or over,_Z,Not applicable,M,Monthly,2025-04,,4.3,,,,A,Normal value,0,Units,1,One
DATAFLOW,OECD.SDD.TPS:DSD_LFS@DF_IALFS_INDIC(1.0),Infra-annual labour statistics,I,PRT,Portugal,UNE_LF_M,Monthly unemployment rate,PT_LF_SUB,Percentage of labour force in the same subgroup,_Z,Not applicable,Y,Calendar and seasonally adjusted,_T,Total,Y_GE15,15 years or over,_Z,Not applicable,M,Monthly,2025-04,,6.3,,,,A,Normal value,0,Units,1,One
DATAFLOW,OECD.SDD.TPS:DSD_LFS@DF_IALFS_INDIC(1.0),Infra-annual labour statistics,I,CHL,Chile,UNE_LF_M,Monthly unemployment rate,PT_LF_SUB,Percentage of labour force in the same subgroup,_Z,Not applicable,Y,Calendar and seasonally adjusted,_T,Total,Y_GE15,15 years or over,_Z,Not applicable,M,Monthly,2025-03,,8.807199,,,,A,Normal value,0,Units,1,One
DATAFLOW,OECD.SDD.TPS:DSD_LFS@DF_IALFS_INDIC(1.0),Infra-annual labour statistics,I,ROU,Romania,UNE_LF_M,Monthly unemployment rate,PT_LF_SUB,Percentage of labour force in the same subgroup,_Z,Not applicable,Y,Calendar and seasonally adjusted,_T,Total,Y_GE15,15 years or over,_Z,Not applicable,M,Monthly,2025-04,,5.7,,,,A,Normal value,0,Units,1,One
